Model,TOPSIS Score
Model2,0.5317110704807235
Model4,0.5316144811300467
Model1,0.5302697289316669
Model3,0.5287727306018871
