Model,TOPSIS Score
Model1 ,0.5144600899050495
Model3 ,0.5142265433492854
Model2 ,0.5141769845696529
Model4 ,0.5140633462160372
