Model,TOPSIS Score
GPT-2 ,0.5231855242234738
BART ,0.5229679977477857
GPT-3 ,0.5229232220180234
T5 ,0.5228272135661559
