Model,TOPSIS Score
XLNet ,0.5196736053855685
RoBERTa ,0.5187501502723846
BERT ,0.5185637489599251
DistilBERT ,0.5180531381869501
