Model , Accuracy , Inference Time (s) , Memory Usage (MB) , TOPSIS Score,Rank
Pegasus , 0.87 , 0.42 , 260 , 0.5595660740556888 , 1.0
BART , 0.89 , 0.45 , 250 , 0.5594533855909206 , 2.0
T5 , 0.85 , 0.5 , 220 , 0.5585941935404246 , 3.0
GPT-3 , 0.92 , 0.55 , 300 , 0.5544535818583177 , 4.0
LED , 0.83 , 0.7 , 240 , 0.5512876573543598 , 5.0
