Model,TOPSIS Score
Model1 ,0.5526026003692909
Model4 ,0.5505633766881762
Model2 ,0.5479249710753541
Model3 ,0.5439961442482422
